episode,reward,agent_loss,time
1.0,-324.0,0.11058676242828369,2.9771533012390137
2.0,-408.0,0.3895364999771118,2.986563205718994
3.0,-326.0,0.2929406762123108,2.906766891479492
4.0,-376.0,-1.0855377912521362,2.858469247817993
5.0,-318.0,-1.7510321140289307,2.9795546531677246
